{"cameraMode":{"drawMode":0,"name":"Shaded","section":"Shading Mode"},"sceneLighting":true,"audioPlay":false,"sceneViewState":{"showFog":true,"showMaterialUpdate":false,"showSkybox":true,"showFlares":true,"showImageEffects":true,"showParticleSystems":true},"in2DMode":false,"pivot":{"x":-0.9980425238609314,"y":1.465739130973816,"z":0.5751997828483582},"rotation":{"x":0.049431659281253818,"y":0.6924216151237488,"z":-0.04764796420931816,"w":0.7182415723800659},"size":7.238370895385742,"orthographic":false}